Cluster_ID,Cluster_Name,Customer_Count,Percentage,Avg_Age,Avg_Income,Avg_Spending
0,Budget Shoppers,20,10.0,46.25,26.75,18.35
1,Young Spenders,54,27.0,25.185185185185187,41.092592592592595,62.24074074074074
2,High Value Customers,40,20.0,32.875,86.1,81.525
3,Conservative High Earners,39,19.5,39.87179487179487,86.1025641025641,19.358974358974358
4,Mature Moderates,47,23.5,55.638297872340424,54.38297872340426,48.851063829787236
